<?xml version="1.0" encoding="UTF-8"?>
<project-private xmlns="http://www.netbeans.org/ns/project-private/1">
    <editor-bookmarks xmlns="http://www.netbeans.org/ns/editor-bookmarks/2" lastBookmarkId="0"/>
    <open-files xmlns="http://www.netbeans.org/ns/projectui-open-files/2">
        <group>
            <file>file:/C:/Users/enzoh/Documents/NetBeansProjects/Exaula1/src/exaula1/Cartão.java</file>
            <file>file:/C:/Users/enzoh/Documents/NetBeansProjects/Exaula1/src/exaula1/Exaula1.java</file>
            <file>file:/C:/Users/enzoh/Documents/NetBeansProjects/Exaula1/src/exaula1/Debito.java</file>
            <file>file:/C:/Users/enzoh/Documents/NetBeansProjects/Exaula1/src/exaula1/Credito.java</file>
        </group>
    </open-files>
</project-private>
